V1,V2,V3
ENSG00000169598,DFFB,Gene Expression
ENSG00000116237,ICMT,Gene Expression
ENSG00000162413,KLHL21,Gene Expression
ENSG00000171608,PIK3CD,Gene Expression
ENSG00000171603,CLSTN1,Gene Expression
ENSG00000160049,DFFA,Gene Expression
ENSG00000198793,MTOR,Gene Expression
ENSG00000065526,SPEN,Gene Expression
ENSG00000142627,EPHA2,Gene Expression
ENSG00000117118,SDHB,Gene Expression
ENSG00000053371,AKR7A2,Gene Expression
ENSG00000076864,RAP1GAP,Gene Expression
ENSG00000070831,CDC42,Gene Expression
ENSG00000133216,EPHB2,Gene Expression
ENSG00000007968,E2F2,Gene Expression
ENSG00000117308,GALE,Gene Expression
ENSG00000169504,CLIC4,Gene Expression
ENSG00000183726,TMEM50A,Gene Expression
ENSG00000117632,STMN1,Gene Expression
ENSG00000117682,DHDDS,Gene Expression
ENSG00000117676,RPS6KA1,Gene Expression
ENSG00000175793,SFN,Gene Expression
ENSG00000142784,WDTC1,Gene Expression
ENSG00000117748,RPA2,Gene Expression
ENSG00000084652,TXLNA,Gene Expression
ENSG00000092853,CLSPN,Gene Expression
ENSG00000054116,TRAPPC3,Gene Expression
ENSG00000134690,CDCA8,Gene Expression
ENSG00000214114,MYCBP,Gene Expression
ENSG00000127603,MACF1,Gene Expression
ENSG00000084072,PPIE,Gene Expression
ENSG00000198815,FOXJ3,Gene Expression
ENSG00000117395,EBNA1BP2,Gene Expression
ENSG00000117399,CDC20,Gene Expression
ENSG00000142949,PTPRF,Gene Expression
ENSG00000117408,IPO13,Gene Expression
ENSG00000132768,DPH2,Gene Expression
ENSG00000117410,ATP6V0B,Gene Expression
ENSG00000142945,KIF2C,Gene Expression
ENSG00000132780,NASP,Gene Expression
ENSG00000086015,MAST2,Gene Expression
ENSG00000117461,PIK3R3,Gene Expression
ENSG00000132128,LRRC41,Gene Expression
ENSG00000079277,MKNK1,Gene Expression
ENSG00000159658,EFCAB14,Gene Expression
ENSG00000085840,ORC1,Gene Expression
ENSG00000116171,SCP2,Gene Expression
ENSG00000177606,JUN,Gene Expression
ENSG00000162607,USP1,Gene Expression
ENSG00000079739,PGM1,Gene Expression
ENSG00000162434,JAK1,Gene Expression
ENSG00000116717,GADD45A,Gene Expression
ENSG00000116791,CRYZ,Gene Expression
ENSG00000153936,HS2ST1,Gene Expression
ENSG00000154511,DIPK1A,Gene Expression
ENSG00000143033,MTF2,Gene Expression
ENSG00000067334,DNTTIP2,Gene Expression
ENSG00000162627,SNX7,Gene Expression
ENSG00000162688,AGL,Gene Expression
ENSG00000117620,SLC35A3,Gene Expression
ENSG00000134215,VAV3,Gene Expression
ENSG00000134222,PSRC1,Gene Expression
ENSG00000213366,GSTM2,Gene Expression
ENSG00000162777,DENND2D,Gene Expression
ENSG00000213281,NRAS,Gene Expression
ENSG00000116815,CD58,Gene Expression
ENSG00000092621,PHGDH,Gene Expression
ENSG00000184678,HIST2H2BE,Gene Expression
ENSG00000143401,ANP32E,Gene Expression
ENSG00000143409,MINDY1,Gene Expression
ENSG00000143363,PRUNE1,Gene Expression
ENSG00000213190,MLLT11,Gene Expression
ENSG00000163159,VPS72,Gene Expression
ENSG00000159352,PSMD4,Gene Expression
ENSG00000143390,RFX5,Gene Expression
ENSG00000196154,S100A4,Gene Expression
ENSG00000189171,S100A13,Gene Expression
ENSG00000143624,INTS3,Gene Expression
ENSG00000143554,SLC27A3,Gene Expression
ENSG00000160691,SHC1,Gene Expression
ENSG00000173207,CKS1B,Gene Expression
ENSG00000185499,MUC1,Gene Expression
ENSG00000132680,KHDC4,Gene Expression
ENSG00000116584,ARHGEF2,Gene Expression
ENSG00000158793,NIT1,Gene Expression
ENSG00000143224,PPOX,Gene Expression
ENSG00000118217,ATF6,Gene Expression
ENSG00000143228,NUF2,Gene Expression
ENSG00000143183,TMCO1,Gene Expression
ENSG00000143162,CREG1,Gene Expression
ENSG00000197965,MPZL1,Gene Expression
ENSG00000143158,MPC2,Gene Expression
ENSG00000143153,ATP1B1,Gene Expression
ENSG00000000457,SCYL3,Gene Expression
ENSG00000116199,FAM20B,Gene Expression
ENSG00000073756,PTGS2,Gene Expression
ENSG00000116711,PLA2G4A,Gene Expression
ENSG00000116741,RGS2,Gene Expression
ENSG00000081237,PTPRC,Gene Expression
ENSG00000118193,KIF14,Gene Expression
ENSG00000118200,CAMSAP2,Gene Expression
ENSG00000159176,CSRP1,Gene Expression
ENSG00000117139,KDM5B,Gene Expression
ENSG00000133056,PIK3C2B,Gene Expression
ENSG00000263528,IKBKE,Gene Expression
ENSG00000143479,DYRK3,Gene Expression
ENSG00000162889,MAPKAPK2,Gene Expression
ENSG00000117650,NEK2,Gene Expression
ENSG00000123684,LPGAT1,Gene Expression
ENSG00000143476,DTL,Gene Expression
ENSG00000066027,PPP2R5A,Gene Expression
ENSG00000117691,NENF,Gene Expression
ENSG00000162772,ATF3,Gene Expression
ENSG00000117724,CENPF,Gene Expression
ENSG00000136628,EPRS,Gene Expression
ENSG00000067704,IARS2,Gene Expression
ENSG00000143514,TP53BP2,Gene Expression
ENSG00000143748,NVL,Gene Expression
ENSG00000143815,LBR,Gene Expression
ENSG00000182827,ACBD3,Gene Expression
ENSG00000143799,PARP1,Gene Expression
ENSG00000163050,COQ8A,Gene Expression
ENSG00000168118,RAB4A,Gene Expression
ENSG00000069248,NUP133,Gene Expression
ENSG00000135775,COG2,Gene Expression
ENSG00000135750,KCNK1,Gene Expression
ENSG00000059588,TARBP1,Gene Expression
ENSG00000188739,RBM34,Gene Expression
ENSG00000054267,ARID4B,Gene Expression
ENSG00000116977,LGALS8,Gene Expression
ENSG00000119285,HEATR1,Gene Expression
ENSG00000174371,EXO1,Gene Expression
ENSG00000117020,AKT3,Gene Expression
ENSG00000143653,SCCPDH,Gene Expression
ENSG00000182551,ADI1,Gene Expression
ENSG00000176887,SOX11,Gene Expression
ENSG00000115738,ID2,Gene Expression
ENSG00000119185,ITGB1BP1,Gene Expression
ENSG00000171848,RRM2,Gene Expression
ENSG00000119772,DNMT3A,Gene Expression
ENSG00000115163,CENPA,Gene Expression
ENSG00000138074,SLC5A6,Gene Expression
ENSG00000171174,RBKS,Gene Expression
ENSG00000075426,FOSL2,Gene Expression
ENSG00000171094,ALK,Gene Expression
ENSG00000171055,FEZ2,Gene Expression
ENSG00000115816,CEBPZ,Gene Expression
ENSG00000095002,MSH2,Gene Expression
ENSG00000116062,MSH6,Gene Expression
ENSG00000138081,FBXO11,Gene Expression
ENSG00000115507,OTX1,Gene Expression
ENSG00000115902,SLC1A4,Gene Expression
ENSG00000198369,SPRED2,Gene Expression
ENSG00000198380,GFPT1,Gene Expression
ENSG00000116096,SPR,Gene Expression
ENSG00000144048,DUSP11,Gene Expression
ENSG00000124356,STAMBP,Gene Expression
ENSG00000065911,MTHFD2,Gene Expression
ENSG00000115364,MRPL19,Gene Expression
ENSG00000168906,MAT2A,Gene Expression
ENSG00000115525,ST3GAL5,Gene Expression
ENSG00000115548,KDM3A,Gene Expression
ENSG00000153574,RPIA,Gene Expression
ENSG00000115514,TXNDC9,Gene Expression
ENSG00000071054,MAP4K4,Gene Expression
ENSG00000115641,FHL2,Gene Expression
ENSG00000071051,NCK2,Gene Expression
ENSG00000169679,BUB1,Gene Expression
ENSG00000169607,CKAP2L,Gene Expression
ENSG00000125538,IL1B,Gene Expression
ENSG00000125618,PAX8,Gene Expression
ENSG00000144118,RALB,Gene Expression
ENSG00000074047,GLI2,Gene Expression
ENSG00000115112,TFCP2L1,Gene Expression
ENSG00000076003,MCM6,Gene Expression
ENSG00000121966,CXCR4,Gene Expression
ENSG00000121989,ACVR2A,Gene Expression
ENSG00000168280,KIF5C,Gene Expression
ENSG00000128708,HAT1,Gene Expression
ENSG00000091436,MAP3K20,Gene Expression
ENSG00000144354,CDCA7,Gene Expression
ENSG00000128656,CHN1,Gene Expression
ENSG00000116044,NFE2L2,Gene Expression
ENSG00000151689,INPP1,Gene Expression
ENSG00000115415,STAT1,Gene Expression
ENSG00000144381,HSPD1,Gene Expression
ENSG00000003402,CFLAR,Gene Expression
ENSG00000003400,CASP10,Gene Expression
ENSG00000115993,TRAK2,Gene Expression
ENSG00000155760,FZD7,Gene Expression
ENSG00000118260,CREB1,Gene Expression
ENSG00000115425,PECR,Gene Expression
ENSG00000115657,ABCB6,Gene Expression
ENSG00000135924,DNAJB2,Gene Expression
ENSG00000135932,CAB39,Gene Expression
ENSG00000123485,HJURP,Gene Expression
ENSG00000188042,ARL4C,Gene Expression
ENSG00000168505,GBX2,Gene Expression
ENSG00000063660,GPC1,Gene Expression
ENSG00000115694,STK25,Gene Expression
ENSG00000134107,BHLHE40,Gene Expression
ENSG00000134109,EDEM1,Gene Expression
ENSG00000134070,IRAK2,Gene Expression
ENSG00000157014,TATDN2,Gene Expression
ENSG00000144560,VGLL4,Gene Expression
ENSG00000132170,PPARG,Gene Expression
ENSG00000154743,TSEN2,Gene Expression
ENSG00000132155,RAF1,Gene Expression
ENSG00000131370,SH3BP5,Gene Expression
ENSG00000182568,SATB1,Gene Expression
ENSG00000163508,EOMES,Gene Expression
ENSG00000163513,TGFBR2,Gene Expression
ENSG00000170275,CRTAP,Gene Expression
ENSG00000060971,ACAA1,Gene Expression
ENSG00000172939,OXSR1,Gene Expression
ENSG00000160746,ANO10,Gene Expression
ENSG00000211456,SACM1L,Gene Expression
ENSG00000173473,SMARCC1,Gene Expression
ENSG00000164045,CDC25A,Gene Expression
ENSG00000164048,ZNF589,Gene Expression
ENSG00000178467,P4HTM,Gene Expression
ENSG00000067560,RHOA,Gene Expression
ENSG00000145022,TCTA,Gene Expression
ENSG00000173402,DAG1,Gene Expression
ENSG00000004534,RBM6,Gene Expression
ENSG00000114353,GNAI2,Gene Expression
ENSG00000214706,IFRD2,Gene Expression
ENSG00000114388,NPRL2,Gene Expression
ENSG00000114738,MAPKAPK3,Gene Expression
ENSG00000259956,RBM15B,Gene Expression
ENSG00000023330,ALAS1,Gene Expression
ENSG00000247596,TWF2,Gene Expression
ENSG00000010322,NISCH,Gene Expression
ENSG00000168268,NT5DC2,Gene Expression
ENSG00000213533,STIMATE,Gene Expression
ENSG00000163932,PRKCD,Gene Expression
ENSG00000163666,HESX1,Gene Expression
ENSG00000163686,ABHD6,Gene Expression
ENSG00000044524,EPHA3,Gene Expression
ENSG00000184500,PROS1,Gene Expression
ENSG00000154174,TOMM70,Gene Expression
ENSG00000114423,CBLB,Gene Expression
ENSG00000144848,ATG3,Gene Expression
ENSG00000163607,GTPBP8,Gene Expression
ENSG00000082701,GSK3B,Gene Expression
ENSG00000065485,PDIA5,Gene Expression
ENSG00000065534,MYLK,Gene Expression
ENSG00000082781,ITGB5,Gene Expression
ENSG00000073111,MCM2,Gene Expression
ENSG00000175792,RUVBL1,Gene Expression
ENSG00000179348,GATA2,Gene Expression
ENSG00000163902,RPN1,Gene Expression
ENSG00000196455,PIK3R4,Gene Expression
ENSG00000017260,ATP2C1,Gene Expression
ENSG00000163781,TOPBP1,Gene Expression
ENSG00000114054,PCCB,Gene Expression
ENSG00000158092,NCK1,Gene Expression
ENSG00000158234,FAIM,Gene Expression
ENSG00000051382,PIK3CB,Gene Expression
ENSG00000183770,FOXL2,Gene Expression
ENSG00000184432,COPB2,Gene Expression
ENSG00000120756,PLS1,Gene Expression
ENSG00000188313,PLSCR1,Gene Expression
ENSG00000152977,ZIC1,Gene Expression
ENSG00000152601,MBNL1,Gene Expression
ENSG00000163659,TIPARP,Gene Expression
ENSG00000113810,SMC4,Gene Expression
ENSG00000114346,ECT2,Gene Expression
ENSG00000121879,PIK3CA,Gene Expression
ENSG00000181449,SOX2,Gene Expression
ENSG00000058063,ATP11B,Gene Expression
ENSG00000114770,ABCC5,Gene Expression
ENSG00000161204,ABCF3,Gene Expression
ENSG00000175166,PSMD2,Gene Expression
ENSG00000114867,EIF4G1,Gene Expression
ENSG00000073792,IGF2BP2,Gene Expression
ENSG00000163923,RPL39L,Gene Expression
ENSG00000113916,BCL6,Gene Expression
ENSG00000114315,HES1,Gene Expression
ENSG00000161267,BDH1,Gene Expression
ENSG00000163950,SLBP,Gene Expression
ENSG00000013810,TACC3,Gene Expression
ENSG00000068078,FGFR3,Gene Expression
ENSG00000109736,MFSD10,Gene Expression
ENSG00000163956,LRPAP1,Gene Expression
ENSG00000109501,WFS1,Gene Expression
ENSG00000002549,LAP3,Gene Expression
ENSG00000109787,KLF3,Gene Expression
ENSG00000109814,UGDH,Gene Expression
ENSG00000121892,PDS5A,Gene Expression
ENSG00000163697,APBB2,Gene Expression
ENSG00000109184,DCUN1D4,Gene Expression
ENSG00000163069,SGCB,Gene Expression
ENSG00000109220,CHIC2,Gene Expression
ENSG00000134853,PDGFRA,Gene Expression
ENSG00000157404,KIT,Gene Expression
ENSG00000128050,PAICS,Gene Expression
ENSG00000156136,DCK,Gene Expression
ENSG00000081041,CXCL2,Gene Expression
ENSG00000145293,ENOPH1,Gene Expression
ENSG00000198189,HSD17B11,Gene Expression
ENSG00000170502,NUDT9,Gene Expression
ENSG00000118785,SPP1,Gene Expression
ENSG00000138642,HERC6,Gene Expression
ENSG00000145335,SNCA,Gene Expression
ENSG00000138696,BMPR1B,Gene Expression
ENSG00000197894,ADH5,Gene Expression
ENSG00000138778,CENPE,Gene Expression
ENSG00000138796,HADH,Gene Expression
ENSG00000138798,EGF,Gene Expression
ENSG00000170522,ELOVL6,Gene Expression
ENSG00000145386,CCNA2,Gene Expression
ENSG00000109452,INPP4B,Gene Expression
ENSG00000164167,LSM6,Gene Expression
ENSG00000109654,TRIM2,Gene Expression
ENSG00000164104,HMGB2,Gene Expression
ENSG00000129187,DCTD,Gene Expression
ENSG00000168310,IRF2,Gene Expression
ENSG00000164305,CASP3,Gene Expression
ENSG00000151725,CENPU,Gene Expression
ENSG00000151729,SLC25A4,Gene Expression
ENSG00000083857,FAT1,Gene Expression
ENSG00000164362,TERT,Gene Expression
ENSG00000112941,TENT4A,Gene Expression
ENSG00000145555,MYO10,Gene Expression
ENSG00000039560,RAI14,Gene Expression
ENSG00000083720,OXCT1,Gene Expression
ENSG00000112964,GHR,Gene Expression
ENSG00000172262,ZNF131,Gene Expression
ENSG00000112972,HMGCS1,Gene Expression
ENSG00000112992,NNT,Gene Expression
ENSG00000067248,DHX29,Gene Expression
ENSG00000095015,MAP3K1,Gene Expression
ENSG00000134057,CCNB1,Gene Expression
ENSG00000134058,CDK7,Gene Expression
ENSG00000113161,HMGCR,Gene Expression
ENSG00000145687,SSBP2,Gene Expression
ENSG00000145715,RASA1,Gene Expression
ENSG00000134480,CCNH,Gene Expression
ENSG00000081189,MEF2C,Gene Expression
ENSG00000153140,CETN3,Gene Expression
ENSG00000175745,NR2F1,Gene Expression
ENSG00000173221,GLRX,Gene Expression
ENSG00000153113,CAST,Gene Expression
ENSG00000164209,SLC25A46,Gene Expression
ENSG00000129625,REEP5,Gene Expression
ENSG00000168938,PPIC,Gene Expression
ENSG00000164904,ALDH7A1,Gene Expression
ENSG00000066583,ISOC1,Gene Expression
ENSG00000072682,P4HA2,Gene Expression
ENSG00000170606,HSPA4,Gene Expression
ENSG00000213585,VDAC1,Gene Expression
ENSG00000113558,SKP1,Gene Expression
ENSG00000043143,JADE2,Gene Expression
ENSG00000112984,KIF20A,Gene Expression
ENSG00000158402,CDC25C,Gene Expression
ENSG00000120738,EGR1,Gene Expression
ENSG00000113552,GNPDA1,Gene Expression
ENSG00000113580,NR3C1,Gene Expression
ENSG00000113649,TCERG1,Gene Expression
ENSG00000169252,ADRB2,Gene Expression
ENSG00000113712,CSNK1A1,Gene Expression
ENSG00000182578,CSF1R,Gene Expression
ENSG00000113721,PDGFRB,Gene Expression
ENSG00000145901,TNIP1,Gene Expression
ENSG00000145907,G3BP1,Gene Expression
ENSG00000072571,HMMR,Gene Expression
ENSG00000072786,STK10,Gene Expression
ENSG00000183072,NKX2-5,Gene Expression
ENSG00000175416,CLTB,Gene Expression
ENSG00000160867,FGFR4,Gene Expression
ENSG00000131188,PRR7,Gene Expression
ENSG00000161011,SQSTM1,Gene Expression
ENSG00000197226,TBC1D9B,Gene Expression
ENSG00000050748,MAPK9,Gene Expression
ENSG00000112679,DUSP22,Gene Expression
ENSG00000054598,FOXC1,Gene Expression
ENSG00000137274,BPHL,Gene Expression
ENSG00000137203,TFAP2A,Gene Expression
ENSG00000078401,EDN1,Gene Expression
ENSG00000145990,GFOD1,Gene Expression
ENSG00000050393,MCUR1,Gene Expression
ENSG00000124766,SOX4,Gene Expression
ENSG00000112312,GMNN,Gene Expression
ENSG00000079691,CARMIL1,Gene Expression
ENSG00000197903,HIST1H2BK,Gene Expression
ENSG00000204574,ABCF1,Gene Expression
ENSG00000137331,IER3,Gene Expression
ENSG00000204580,DDR1,Gene Expression
ENSG00000204531,POU5F1,Gene Expression
ENSG00000204389,HSPA1A,Gene Expression
ENSG00000204351,SKIV2L,Gene Expression
ENSG00000204287,HLA-DRA,Gene Expression
ENSG00000204264,PSMB8,Gene Expression
ENSG00000204257,HLA-DMA,Gene Expression
ENSG00000204209,DAXX,Gene Expression
ENSG00000124664,SPDEF,Gene Expression
ENSG00000112033,PPARD,Gene Expression
ENSG00000156711,MAPK13,Gene Expression
ENSG00000124762,CDKN1A,Gene Expression
ENSG00000137193,PIM1,Gene Expression
ENSG00000112576,CCND3,Gene Expression
ENSG00000137161,CNPY3,Gene Expression
ENSG00000171467,ZNF318,Gene Expression
ENSG00000171453,POLR1C,Gene Expression
ENSG00000146232,NFKBIE,Gene Expression
ENSG00000146072,TNFRSF21,Gene Expression
ENSG00000112118,MCM3,Gene Expression
ENSG00000065308,TRAM2,Gene Expression
ENSG00000112200,ZNF451,Gene Expression
ENSG00000112701,SENP6,Gene Expression
ENSG00000112742,TTK,Gene Expression
ENSG00000164414,SLC35A1,Gene Expression
ENSG00000198833,UBE2J1,Gene Expression
ENSG00000118412,CASP8AP2,Gene Expression
ENSG00000112249,ASCC3,Gene Expression
ENSG00000118689,FOXO3,Gene Expression
ENSG00000080546,SESN1,Gene Expression
ENSG00000155111,CDK19,Gene Expression
ENSG00000010810,FYN,Gene Expression
ENSG00000196591,HDAC2,Gene Expression
ENSG00000152894,PTPRK,Gene Expression
ENSG00000079819,EPB41L2,Gene Expression
ENSG00000028839,TBPL1,Gene Expression
ENSG00000135525,MAP7,Gene Expression
ENSG00000120265,PCMT1,Gene Expression
ENSG00000120437,ACAT2,Gene Expression
ENSG00000197081,IGF2R,Gene Expression
ENSG00000085511,MAP3K4,Gene Expression
ENSG00000164458,TBXT,Gene Expression
ENSG00000112592,TBP,Gene Expression
ENSG00000197461,PDGFA,Gene Expression
ENSG00000164850,GPER1,Gene Expression
ENSG00000136240,KDELR2,Gene Expression
ENSG00000106399,RPA3,Gene Expression
ENSG00000006468,ETV1,Gene Expression
ENSG00000136261,BZW2,Gene Expression
ENSG00000071189,SNX13,Gene Expression
ENSG00000172115,CYCS,Gene Expression
ENSG00000106004,HOXA5,Gene Expression
ENSG00000078399,HOXA9,Gene Expression
ENSG00000253293,HOXA10,Gene Expression
ENSG00000136193,SCRN1,Gene Expression
ENSG00000106080,FKBP14,Gene Expression
ENSG00000106355,LSM5,Gene Expression
ENSG00000011426,ANLN,Gene Expression
ENSG00000006451,RALA,Gene Expression
ENSG00000106605,BLVRA,Gene Expression
ENSG00000106636,YKT6,Gene Expression
ENSG00000058404,CAMK2B,Gene Expression
ENSG00000015676,NUDCD3,Gene Expression
ENSG00000105968,H2AFV,Gene Expression
ENSG00000146674,IGFBP3,Gene Expression
ENSG00000185811,IKZF1,Gene Expression
ENSG00000106070,GRB10,Gene Expression
ENSG00000146648,EGFR,Gene Expression
ENSG00000106635,BCL7B,Gene Expression
ENSG00000106089,STX1A,Gene Expression
ENSG00000049541,RFC2,Gene Expression
ENSG00000106211,HSPB1,Gene Expression
ENSG00000127947,PTPN12,Gene Expression
ENSG00000127955,GNAI1,Gene Expression
ENSG00000135164,DMTF1,Gene Expression
ENSG00000157240,FZD1,Gene Expression
ENSG00000105810,CDK6,Gene Expression
ENSG00000004864,SLC25A13,Gene Expression
ENSG00000160917,CPSF4,Gene Expression
ENSG00000106366,SERPINE1,Gene Expression
ENSG00000106397,PLOD3,Gene Expression
ENSG00000214253,FIS1,Gene Expression
ENSG00000008282,SYPL1,Gene Expression
ENSG00000105851,PIK3CG,Gene Expression
ENSG00000091140,DLD,Gene Expression
ENSG00000135269,TES,Gene Expression
ENSG00000105976,MET,Gene Expression
ENSG00000004866,ST7,Gene Expression
ENSG00000128595,CALU,Gene Expression
ENSG00000106484,MEST,Gene Expression
ENSG00000080802,CNOT4,Gene Expression
ENSG00000157764,BRAF,Gene Expression
ENSG00000106144,CASP2,Gene Expression
ENSG00000106462,EZH2,Gene Expression
ENSG00000164867,NOS3,Gene Expression
ENSG00000106615,RHEB,Gene Expression
ENSG00000106617,PRKAG2,Gene Expression
ENSG00000186480,INSIG1,Gene Expression
ENSG00000009335,UBE3C,Gene Expression
ENSG00000105993,DNAJB6,Gene Expression
ENSG00000175806,MSRA,Gene Expression
ENSG00000171056,SOX7,Gene Expression
ENSG00000079459,FDFT1,Gene Expression
ENSG00000078674,PCM1,Gene Expression
ENSG00000104763,ASAH1,Gene Expression
ENSG00000130227,XPO7,Gene Expression
ENSG00000120896,SORBS3,Gene Expression
ENSG00000184661,CDCA2,Gene Expression
ENSG00000104765,BNIP3L,Gene Expression
ENSG00000120899,PTK2B,Gene Expression
ENSG00000186918,ZNF395,Gene Expression
ENSG00000120875,DUSP4,Gene Expression
ENSG00000197265,GTF2E2,Gene Expression
ENSG00000187840,EIF4EBP1,Gene Expression
ENSG00000077782,FGFR1,Gene Expression
ENSG00000083168,KAT6A,Gene Expression
ENSG00000104365,IKBKB,Gene Expression
ENSG00000070501,POLB,Gene Expression
ENSG00000221869,CEBPD,Gene Expression
ENSG00000104738,MCM4,Gene Expression
ENSG00000120992,LYPLA1,Gene Expression
ENSG00000254087,LYN,Gene Expression
ENSG00000066855,MTFR1,Gene Expression
ENSG00000179041,RRS1,Gene Expression
ENSG00000178860,MSC,Gene Expression
ENSG00000085719,CPNE3,Gene Expression
ENSG00000104325,DECR1,Gene Expression
ENSG00000175305,CCNE2,Gene Expression
ENSG00000156469,MTERF3,Gene Expression
ENSG00000147669,POLR2K,Gene Expression
ENSG00000083307,GRHL2,Gene Expression
ENSG00000182197,EXT1,Gene Expression
ENSG00000136982,DSCC1,Gene Expression
ENSG00000156787,TBC1D31,Gene Expression
ENSG00000156802,ATAD2,Gene Expression
ENSG00000164961,WASHC5,Gene Expression
ENSG00000173334,TRIB1,Gene Expression
ENSG00000136997,MYC,Gene Expression
ENSG00000169398,PTK2,Gene Expression
ENSG00000104522,TSTA3,Gene Expression
ENSG00000179950,PUF60,Gene Expression
ENSG00000178896,EXOSC4,Gene Expression
ENSG00000160948,VPS28,Gene Expression
ENSG00000137090,DMRT1,Gene Expression
ENSG00000164985,PSIP1,Gene Expression
ENSG00000155876,RRAGA,Gene Expression
ENSG00000137154,RPS6,Gene Expression
ENSG00000198642,KLHL9,Gene Expression
ENSG00000147889,CDKN2A,Gene Expression
ENSG00000107140,TESK1,Gene Expression
ENSG00000165304,MELK,Gene Expression
ENSG00000107338,SHB,Gene Expression
ENSG00000119138,KLF9,Gene Expression
ENSG00000135048,CEMIP2,Gene Expression
ENSG00000196781,TLE1,Gene Expression
ENSG00000135047,CTSL,Gene Expression
ENSG00000123975,CKS2,Gene Expression
ENSG00000165025,SYK,Gene Expression
ENSG00000165030,NFIL3,Gene Expression
ENSG00000136891,TEX10,Gene Expression
ENSG00000136826,KLF4,Gene Expression
ENSG00000070061,ELP1,Gene Expression
ENSG00000119326,CTNNAL1,Gene Expression
ENSG00000136875,PRPF4,Gene Expression
ENSG00000136869,TLR4,Gene Expression
ENSG00000106804,C5,Gene Expression
ENSG00000106689,LHX2,Gene Expression
ENSG00000136854,STXBP1,Gene Expression
ENSG00000136877,FPGS,Gene Expression
ENSG00000106976,DNM1,Gene Expression
ENSG00000197694,SPTAN1,Gene Expression
ENSG00000136827,TOR1A,Gene Expression
ENSG00000097007,ABL1,Gene Expression
ENSG00000160271,RALGDS,Gene Expression
ENSG00000160326,SLC2A6,Gene Expression
ENSG00000186350,RXRA,Gene Expression
ENSG00000122140,MRPS2,Gene Expression
ENSG00000148400,NOTCH1,Gene Expression
ENSG00000107281,NPDC1,Gene Expression
ENSG00000188229,TUBB4B,Gene Expression
ENSG00000173848,NET1,Gene Expression
ENSG00000065675,PRKCQ,Gene Expression
ENSG00000107485,GATA3,Gene Expression
ENSG00000148429,USP6NL,Gene Expression
ENSG00000152464,RPP38,Gene Expression
ENSG00000148484,RSU1,Gene Expression
ENSG00000136758,YME1L1,Gene Expression
ENSG00000095739,BAMBI,Gene Expression
ENSG00000165731,RET,Gene Expression
ENSG00000122873,CISD1,Gene Expression
ENSG00000170312,CDK1,Gene Expression
ENSG00000150347,ARID5B,Gene Expression
ENSG00000181915,ADO,Gene Expression
ENSG00000198954,KIF1BP,Gene Expression
ENSG00000156502,SUPV3L1,Gene Expression
ENSG00000156515,HK1,Gene Expression
ENSG00000166228,PCBD1,Gene Expression
ENSG00000168209,DDIT4,Gene Expression
ENSG00000122882,ECD,Gene Expression
ENSG00000182180,MRPS16,Gene Expression
ENSG00000138279,ANXA7,Gene Expression
ENSG00000156650,KAT6B,Gene Expression
ENSG00000108175,ZMIZ1,Gene Expression
ENSG00000026103,FAS,Gene Expression
ENSG00000107798,LIPA,Gene Expression
ENSG00000138182,KIF20B,Gene Expression
ENSG00000119912,IDE,Gene Expression
ENSG00000138160,KIF11,Gene Expression
ENSG00000119969,HELLS,Gene Expression
ENSG00000107438,PDLIM1,Gene Expression
ENSG00000077147,TM9SF3,Gene Expression
ENSG00000052749,RRP12,Gene Expression
ENSG00000171314,PGAM1,Gene Expression
ENSG00000166197,NOLC1,Gene Expression
ENSG00000077150,NFKB2,Gene Expression
ENSG00000108039,XPNPEP1,Gene Expression
ENSG00000119953,SMNDC1,Gene Expression
ENSG00000108055,SMC3,Gene Expression
ENSG00000023041,ZDHHC6,Gene Expression
ENSG00000165806,CASP7,Gene Expression
ENSG00000107560,RAB11FIP2,Gene Expression
ENSG00000151929,BAG3,Gene Expression
ENSG00000066468,FGFR2,Gene Expression
ENSG00000166033,HTRA1,Gene Expression
ENSG00000148773,MKI67,Gene Expression
ENSG00000176171,BNIP3,Gene Expression
ENSG00000142082,SIRT3,Gene Expression
ENSG00000023191,RNH1,Gene Expression
ENSG00000214063,TSPAN4,Gene Expression
ENSG00000117984,CTSD,Gene Expression
ENSG00000183734,ASCL2,Gene Expression
ENSG00000167325,RRM1,Gene Expression
ENSG00000132254,ARFIP2,Gene Expression
ENSG00000132275,RRP8,Gene Expression
ENSG00000166333,ILK,Gene Expression
ENSG00000166483,WEE1,Gene Expression
ENSG00000070081,NUCB2,Gene Expression
ENSG00000129152,MYOD1,Gene Expression
ENSG00000129173,E2F8,Gene Expression
ENSG00000121691,CAT,Gene Expression
ENSG00000135374,ELF5,Gene Expression
ENSG00000110435,PDHX,Gene Expression
ENSG00000026508,CD44,Gene Expression
ENSG00000175220,ARHGAP1,Gene Expression
ENSG00000175216,CKAP5,Gene Expression
ENSG00000165912,PACSIN3,Gene Expression
ENSG00000134574,DDB2,Gene Expression
ENSG00000066336,SPI1,Gene Expression
ENSG00000156587,UBE2L6,Gene Expression
ENSG00000198561,CTNND1,Gene Expression
ENSG00000110104,CCDC86,Gene Expression
ENSG00000110108,TMEM109,Gene Expression
ENSG00000168496,FEN1,Gene Expression
ENSG00000149499,EML3,Gene Expression
ENSG00000149782,PLCB3,Gene Expression
ENSG00000002330,BAD,Gene Expression
ENSG00000014216,CAPN1,Gene Expression
ENSG00000175602,CCDC85B,Gene Expression
ENSG00000175592,FOSL1,Gene Expression
ENSG00000175550,DRAP1,Gene Expression
ENSG00000174684,B4GAT1,Gene Expression
ENSG00000172613,RAD9A,Gene Expression
ENSG00000175482,POLD4,Gene Expression
ENSG00000132740,IGHMBP2,Gene Expression
ENSG00000110092,CCND1,Gene Expression
ENSG00000085733,CTTN,Gene Expression
ENSG00000077514,POLD3,Gene Expression
ENSG00000158555,GDPD5,Gene Expression
ENSG00000182704,TSKU,Gene Expression
ENSG00000149269,PAK1,Gene Expression
ENSG00000137509,PRCP,Gene Expression
ENSG00000074266,EED,Gene Expression
ENSG00000150687,PRSS23,Gene Expression
ENSG00000166037,CEP57,Gene Expression
ENSG00000110330,BIRC2,Gene Expression
ENSG00000196611,MMP1,Gene Expression
ENSG00000110660,SLC35F2,Gene Expression
ENSG00000178105,DDX10,Gene Expression
ENSG00000086827,ZW10,Gene Expression
ENSG00000137700,SLC37A4,Gene Expression
ENSG00000149428,HYOU1,Gene Expression
ENSG00000172375,C2CD2L,Gene Expression
ENSG00000196914,ARHGEF12,Gene Expression
ENSG00000109971,HSPA8,Gene Expression
ENSG00000149554,CHEK1,Gene Expression
ENSG00000134954,ETS1,Gene Expression
ENSG00000073614,KDM5A,Gene Expression
ENSG00000004478,FKBP4,Gene Expression
ENSG00000111247,RAD51AP1,Gene Expression
ENSG00000010292,NCAPD2,Gene Expression
ENSG00000111640,GAPDH,Gene Expression
ENSG00000111652,COPS7A,Gene Expression
ENSG00000111665,CDCA3,Gene Expression
ENSG00000111679,PTPN6,Gene Expression
ENSG00000111704,NANOG,Gene Expression
ENSG00000111276,CDKN1B,Gene Expression
ENSG00000013583,HEBP1,Gene Expression
ENSG00000023697,DERA,Gene Expression
ENSG00000111711,GOLT1B,Gene Expression
ENSG00000111731,C2CD5,Gene Expression
ENSG00000087470,DNM1L,Gene Expression
ENSG00000123268,ATF1,Gene Expression
ENSG00000110911,SLC11A2,Gene Expression
ENSG00000135503,ACVR1B,Gene Expression
ENSG00000094916,CBX5,Gene Expression
ENSG00000123374,CDK2,Gene Expression
ENSG00000065361,ERBB3,Gene Expression
ENSG00000135473,PAN2,Gene Expression
ENSG00000111602,TIMELESS,Gene Expression
ENSG00000198056,PRIM1,Gene Expression
ENSG00000135446,CDK4,Gene Expression
ENSG00000118600,RXYLT1,Gene Expression
ENSG00000149948,HMGA2,Gene Expression
ENSG00000090376,IRAK3,Gene Expression
ENSG00000166225,FRS2,Gene Expression
ENSG00000080371,RAB21,Gene Expression
ENSG00000139318,DUSP6,Gene Expression
ENSG00000120833,SOCS2,Gene Expression
ENSG00000120802,TMPO,Gene Expression
ENSG00000139354,GAS2L3,Gene Expression
ENSG00000139352,ASCL1,Gene Expression
ENSG00000198431,TXNRD1,Gene Expression
ENSG00000136051,WASHC4,Gene Expression
ENSG00000136045,PWP1,Gene Expression
ENSG00000076248,UNG,Gene Expression
ENSG00000151148,UBE3B,Gene Expression
ENSG00000204852,TCTN1,Gene Expression
ENSG00000089022,MAPKAPK5,Gene Expression
ENSG00000089225,TBX5,Gene Expression
ENSG00000135108,FBXO21,Gene Expression
ENSG00000111445,RFC5,Gene Expression
ENSG00000089159,PXN,Gene Expression
ENSG00000110917,MLEC,Gene Expression
ENSG00000110801,PSMD9,Gene Expression
ENSG00000119242,CCDC92,Gene Expression
ENSG00000073060,SCARB1,Gene Expression
ENSG00000176894,PXMP2,Gene Expression
ENSG00000121741,ZMYM2,Gene Expression
ENSG00000132970,WASF3,Gene Expression
ENSG00000165556,CDX2,Gene Expression
ENSG00000122025,FLT3,Gene Expression
ENSG00000102755,FLT1,Gene Expression
ENSG00000133101,CCNA1,Gene Expression
ENSG00000120686,UFM1,Gene Expression
ENSG00000120690,ELF1,Gene Expression
ENSG00000120675,DNAJC15,Gene Expression
ENSG00000139687,RB1,Gene Expression
ENSG00000204977,TRIM13,Gene Expression
ENSG00000136108,CKAP2,Gene Expression
ENSG00000005810,MYCBP2,Gene Expression
ENSG00000139793,MBNL2,Gene Expression
ENSG00000125304,TM9SF2,Gene Expression
ENSG00000187498,COL4A1,Gene Expression
ENSG00000088448,ANKRD10,Gene Expression
ENSG00000198176,TFDP1,Gene Expression
ENSG00000129484,PARP2,Gene Expression
ENSG00000198805,PNP,Gene Expression
ENSG00000100439,ABHD4,Gene Expression
ENSG00000155463,OXA1L,Gene Expression
ENSG00000197324,LRP10,Gene Expression
ENSG00000100889,PCK2,Gene Expression
ENSG00000092010,PSME1,Gene Expression
ENSG00000100911,PSME2,Gene Expression
ENSG00000254505,CHMP4A,Gene Expression
ENSG00000100968,NFATC4,Gene Expression
ENSG00000176165,FOXG1,Gene Expression
ENSG00000092140,G2E3,Gene Expression
ENSG00000129518,EAPP,Gene Expression
ENSG00000129515,SNX6,Gene Expression
ENSG00000092020,PPP2R3C,Gene Expression
ENSG00000100906,NFKBIA,Gene Expression
ENSG00000129514,FOXA1,Gene Expression
ENSG00000100479,POLE2,Gene Expression
ENSG00000165516,KLHDC2,Gene Expression
ENSG00000125375,DMAC2L,Gene Expression
ENSG00000100504,PYGL,Gene Expression
ENSG00000197930,ERO1A,Gene Expression
ENSG00000125378,BMP4,Gene Expression
ENSG00000100532,CGRRF1,Gene Expression
ENSG00000168175,MAPK1IP1L,Gene Expression
ENSG00000126787,DLGAP5,Gene Expression
ENSG00000126777,KTN1,Gene Expression
ENSG00000165588,OTX2,Gene Expression
ENSG00000100575,TIMM9,Gene Expression
ENSG00000100612,DHRS7,Gene Expression
ENSG00000020426,MNAT1,Gene Expression
ENSG00000027075,PRKCH,Gene Expression
ENSG00000100644,HIF1A,Gene Expression
ENSG00000154001,PPP2R5E,Gene Expression
ENSG00000054654,SYNE2,Gene Expression
ENSG00000100554,ATP6V1D,Gene Expression
ENSG00000170348,TMED10,Gene Expression
ENSG00000170345,FOS,Gene Expression
ENSG00000119699,TGFB3,Gene Expression
ENSG00000100577,GSTZ1,Gene Expression
ENSG00000100596,SPTLC2,Gene Expression
ENSG00000100600,LGMN,Gene Expression
ENSG00000012963,UBR7,Gene Expression
ENSG00000196405,EVL,Gene Expression
ENSG00000080823,MOK,Gene Expression
ENSG00000100664,EIF5,Gene Expression
ENSG00000088808,PPP1R13B,Gene Expression
ENSG00000142208,AKT1,Gene Expression
ENSG00000170779,CDCA4,Gene Expression
ENSG00000182979,MTA1,Gene Expression
ENSG00000104067,TJP1,Gene Expression
ENSG00000156970,BUB1B,Gene Expression
ENSG00000137843,PAK6,Gene Expression
ENSG00000051180,RAD51,Gene Expression
ENSG00000128965,CHAC1,Gene Expression
ENSG00000187446,CHP1,Gene Expression
ENSG00000137804,NUSAP1,Gene Expression
ENSG00000067369,TP53BP1,Gene Expression
ENSG00000092470,WDR76,Gene Expression
ENSG00000137767,SQOR,Gene Expression
ENSG00000104064,GABPB1,Gene Expression
ENSG00000069966,GNB5,Gene Expression
ENSG00000128989,ARPP19,Gene Expression
ENSG00000069974,RAB27A,Gene Expression
ENSG00000069943,PIGB,Gene Expression
ENSG00000137845,ADAM10,Gene Expression
ENSG00000157456,CCNB2,Gene Expression
ENSG00000140307,GTF2A2,Gene Expression
ENSG00000140416,TPM1,Gene Expression
ENSG00000166855,CLPX,Gene Expression
ENSG00000074696,HACD3,Gene Expression
ENSG00000075131,TIPIN,Gene Expression
ENSG00000166949,SMAD3,Gene Expression
ENSG00000137764,MAP2K5,Gene Expression
ENSG00000137807,KIF23,Gene Expression
ENSG00000129038,LOXL1,Gene Expression
ENSG00000103653,CSK,Gene Expression
ENSG00000140391,TSPAN3,Gene Expression
ENSG00000140395,WDR61,Gene Expression
ENSG00000103876,FAH,Gene Expression
ENSG00000172379,ARNT2,Gene Expression
ENSG00000103942,HOMER2,Gene Expression
ENSG00000166503,HDGFL3,Gene Expression
ENSG00000166821,PEX11A,Gene Expression
ENSG00000182768,NGRN,Gene Expression
ENSG00000140575,IQGAP1,Gene Expression
ENSG00000197299,BLM,Gene Expression
ENSG00000185551,NR2F2,Gene Expression
ENSG00000140443,IGF1R,Gene Expression
ENSG00000103126,AXIN1,Gene Expression
ENSG00000103266,STUB1,Gene Expression
ENSG00000103260,METRN,Gene Expression
ENSG00000103245,CIAO3,Gene Expression
ENSG00000206053,JPT2,Gene Expression
ENSG00000127561,SYNGR3,Gene Expression
ENSG00000205937,RNPS1,Gene Expression
ENSG00000162063,CCNF,Gene Expression
ENSG00000162066,AMDHD2,Gene Expression
ENSG00000167977,KCTD5,Gene Expression
ENSG00000127564,PKMYT1,Gene Expression
ENSG00000126602,TRAP1,Gene Expression
ENSG00000005339,CREBBP,Gene Expression
ENSG00000103423,DNAJA3,Gene Expression
ENSG00000140650,PMM2,Gene Expression
ENSG00000187555,USP7,Gene Expression
ENSG00000103540,CCP110,Gene Expression
ENSG00000102897,LYRM1,Gene Expression
ENSG00000168434,COG7,Gene Expression
ENSG00000166851,PLK1,Gene Expression
ENSG00000077238,IL4R,Gene Expression
ENSG00000013364,MVP,Gene Expression
ENSG00000102879,CORO1A,Gene Expression
ENSG00000156873,PHKG2,Gene Expression
ENSG00000103496,STX4,Gene Expression
ENSG00000129636,ITFG1,Gene Expression
ENSG00000102893,PHKB,Gene Expression
ENSG00000087245,MMP2,Gene Expression
ENSG00000102900,NUP93,Gene Expression
ENSG00000051108,HERPUD1,Gene Expression
ENSG00000005194,CIAPIN1,Gene Expression
ENSG00000205336,ADGRG1,Gene Expression
ENSG00000070770,CSNK2A2,Gene Expression
ENSG00000140939,NOL3,Gene Expression
ENSG00000102974,CTCF,Gene Expression
ENSG00000102977,ACD,Gene Expression
ENSG00000168286,THAP11,Gene Expression
ENSG00000205220,PSMB10,Gene Expression
ENSG00000072736,NFATC3,Gene Expression
ENSG00000103066,PLA2G15,Gene Expression
ENSG00000062038,CDH3,Gene Expression
ENSG00000090861,AARS,Gene Expression
ENSG00000103051,COG4,Gene Expression
ENSG00000140830,TXNL4B,Gene Expression
ENSG00000065457,ADAT1,Gene Expression
ENSG00000166848,TERF2IP,Gene Expression
ENSG00000166446,CDYL2,Gene Expression
ENSG00000166454,ATMIN,Gene Expression
ENSG00000140943,MBTPS1,Gene Expression
ENSG00000131153,GINS2,Gene Expression
ENSG00000167695,TLCD3A,Gene Expression
ENSG00000167699,GLOD4,Gene Expression
ENSG00000177370,TIMM22,Gene Expression
ENSG00000167193,CRK,Gene Expression
ENSG00000132383,RPA1,Gene Expression
ENSG00000007168,PAFAH1B1,Gene Expression
ENSG00000083457,ITGAE,Gene Expression
ENSG00000108523,RNF167,Gene Expression
ENSG00000091640,SPAG7,Gene Expression
ENSG00000108559,NUP88,Gene Expression
ENSG00000129195,PIMREG,Gene Expression
ENSG00000198920,KIAA0753,Gene Expression
ENSG00000187838,PLSCR3,Gene Expression
ENSG00000141510,TP53,Gene Expression
ENSG00000178999,AURKB,Gene Expression
ENSG00000006744,ELAC2,Gene Expression
ENSG00000072134,EPN2,Gene Expression
ENSG00000124422,USP22,Gene Expression
ENSG00000109084,TMEM97,Gene Expression
ENSG00000109107,ALDOC,Gene Expression
ENSG00000007202,KIAA0100,Gene Expression
ENSG00000108578,BLMH,Gene Expression
ENSG00000178691,SUZ12,Gene Expression
ENSG00000176749,CDK5R1,Gene Expression
ENSG00000108691,CCL2,Gene Expression
ENSG00000276023,DUSP14,Gene Expression
ENSG00000276293,PIP4K2B,Gene Expression
ENSG00000141736,ERBB2,Gene Expression
ENSG00000141738,GRB7,Gene Expression
ENSG00000108349,CASC3,Gene Expression
ENSG00000171475,WIPF2,Gene Expression
ENSG00000094804,CDC6,Gene Expression
ENSG00000131747,TOP2A,Gene Expression
ENSG00000131473,ACLY,Gene Expression
ENSG00000173757,STAT5B,Gene Expression
ENSG00000168610,STAT3,Gene Expression
ENSG00000068120,COASY,Gene Expression
ENSG00000126581,BECN1,Gene Expression
ENSG00000108828,VAT1,Gene Expression
ENSG00000012048,BRCA1,Gene Expression
ENSG00000108861,DUSP3,Gene Expression
ENSG00000030582,GRN,Gene Expression
ENSG00000186566,GPATCH8,Gene Expression
ENSG00000136448,NMT1,Gene Expression
ENSG00000225190,PLEKHM1,Gene Expression
ENSG00000167183,PRR15L,Gene Expression
ENSG00000002919,SNX11,Gene Expression
ENSG00000121073,SLC35B1,Gene Expression
ENSG00000064195,DLX3,Gene Expression
ENSG00000108821,COL1A1,Gene Expression
ENSG00000108384,RAD51C,Gene Expression
ENSG00000141367,CLTC,Gene Expression
ENSG00000062725,APPBP2,Gene Expression
ENSG00000121068,TBX2,Gene Expression
ENSG00000136492,BRIP1,Gene Expression
ENSG00000146872,TLK2,Gene Expression
ENSG00000008283,CYB561,Gene Expression
ENSG00000198231,DDX42,Gene Expression
ENSG00000108604,SMARCD2,Gene Expression
ENSG00000256525,POLG2,Gene Expression
ENSG00000125398,SOX9,Gene Expression
ENSG00000189159,JPT1,Gene Expression
ENSG00000125450,NUP85,Gene Expression
ENSG00000070731,ST6GALNAC2,Gene Expression
ENSG00000070495,JMJD6,Gene Expression
ENSG00000089685,BIRC5,Gene Expression
ENSG00000108669,CYTH1,Gene Expression
ENSG00000035862,TIMP2,Gene Expression
ENSG00000171302,CANT1,Gene Expression
ENSG00000171298,GAA,Gene Expression
ENSG00000176108,CHMP6,Gene Expression
ENSG00000262814,MRPL12,Gene Expression
ENSG00000183010,PYCR1,Gene Expression
ENSG00000169733,RFNG,Gene Expression
ENSG00000101557,USP14,Gene Expression
ENSG00000176890,TYMS,Gene Expression
ENSG00000132199,ENOSF1,Gene Expression
ENSG00000080986,NDC80,Gene Expression
ENSG00000177426,TGIF1,Gene Expression
ENSG00000168461,RAB31,Gene Expression
ENSG00000176014,TUBB6,Gene Expression
ENSG00000101654,RNMT,Gene Expression
ENSG00000141458,NPC1,Gene Expression
ENSG00000053747,LAMA3,Gene Expression
ENSG00000046604,DSG2,Gene Expression
ENSG00000078142,PIK3C3,Gene Expression
ENSG00000101665,SMAD7,Gene Expression
ENSG00000082212,ME2,Gene Expression
ENSG00000196628,TCF4,Gene Expression
ENSG00000091157,WDR7,Gene Expression
ENSG00000172175,MALT1,Gene Expression
ENSG00000141682,PMAIP1,Gene Expression
ENSG00000171791,BCL2,Gene Expression
ENSG00000133313,CNDP2,Gene Expression
ENSG00000099622,CIRBP,Gene Expression
ENSG00000071564,TCF3,Gene Expression
ENSG00000104886,PLEKHJ1,Gene Expression
ENSG00000099860,GADD45B,Gene Expression
ENSG00000088256,GNA11,Gene Expression
ENSG00000060558,GNA15,Gene Expression
ENSG00000064961,HMG20B,Gene Expression
ENSG00000006638,TBXA2R,Gene Expression
ENSG00000105255,FSD1,Gene Expression
ENSG00000178078,STAP2,Gene Expression
ENSG00000127666,TICAM1,Gene Expression
ENSG00000276043,UHRF1,Gene Expression
ENSG00000090674,MCOLN1,Gene Expression
ENSG00000076944,STXBP2,Gene Expression
ENSG00000066044,ELAVL1,Gene Expression
ENSG00000167775,CD320,Gene Expression
ENSG00000127452,FBXL12,Gene Expression
ENSG00000127445,PIN1,Gene Expression
ENSG00000130816,DNMT1,Gene Expression
ENSG00000090339,ICAM1,Gene Expression
ENSG00000076662,ICAM3,Gene Expression
ENSG00000079999,KEAP1,Gene Expression
ENSG00000127616,SMARCA4,Gene Expression
ENSG00000104774,MAN2B1,Gene Expression
ENSG00000095066,HOOK2,Gene Expression
ENSG00000072062,PRKACA,Gene Expression
ENSG00000123146,ADGRE5,Gene Expression
ENSG00000132002,DNAJB1,Gene Expression
ENSG00000105127,AKAP8,Gene Expression
ENSG00000011243,AKAP8L,Gene Expression
ENSG00000085872,CHERP,Gene Expression
ENSG00000160113,NR2F6,Gene Expression
ENSG00000130475,FCHO1,Gene Expression
ENSG00000105639,JAK3,Gene Expression
ENSG00000064547,LPAR2,Gene Expression
ENSG00000105171,POP4,Gene Expression
ENSG00000245848,CEBPA,Gene Expression
ENSG00000166398,KIAA0355,Gene Expression
ENSG00000105699,LSR,Gene Expression
ENSG00000105258,POLR2I,Gene Expression
ENSG00000104823,ECH1,Gene Expression
ENSG00000104825,NFKBIB,Gene Expression
ENSG00000130669,PAK4,Gene Expression
ENSG00000006712,PAF1,Gene Expression
ENSG00000128016,ZFP36,Gene Expression
ENSG00000105221,AKT2,Gene Expression
ENSG00000079462,PAFAH1B3,Gene Expression
ENSG00000130203,APOE,Gene Expression
ENSG00000104856,RELB,Gene Expression
ENSG00000007255,TRAPPC6A,Gene Expression
ENSG00000125744,RTN2,Gene Expression
ENSG00000160014,CALM3,Gene Expression
ENSG00000105486,LIG1,Gene Expression
ENSG00000105447,GRWD1,Gene Expression
ENSG00000174951,FUT1,Gene Expression
ENSG00000087088,BAX,Gene Expression
ENSG00000104872,PIH1D1,Gene Expression
ENSG00000142546,NOSIP,Gene Expression
ENSG00000039650,PNKP,Gene Expression
ENSG00000213024,NUP62,Gene Expression
ENSG00000169136,ATF5,Gene Expression
ENSG00000131408,NR1H2,Gene Expression
ENSG00000105379,ETFB,Gene Expression
ENSG00000125505,MBOAT7,Gene Expression
ENSG00000083828,ZNF586,Gene Expression
ENSG00000171606,ZNF274,Gene Expression
ENSG00000083845,RPS5,Gene Expression
ENSG00000101255,TRIB3,Gene Expression
ENSG00000125818,PSMF1,Gene Expression
ENSG00000215251,FASTKD5,Gene Expression
ENSG00000101224,CDC25B,Gene Expression
ENSG00000132646,PCNA,Gene Expression
ENSG00000101349,PAK5,Gene Expression
ENSG00000132639,SNAP25,Gene Expression
ENSG00000125968,ID1,Gene Expression
ENSG00000088325,TPX2,Gene Expression
ENSG00000061656,SPAG4,Gene Expression
ENSG00000171222,SCAND1,Gene Expression
ENSG00000101335,MYL9,Gene Expression
ENSG00000197122,SRC,Gene Expression
ENSG00000166619,BLCAP,Gene Expression
ENSG00000101049,SGK2,Gene Expression
ENSG00000101057,MYBL2,Gene Expression
ENSG00000101076,HNF4A,Gene Expression
ENSG00000168734,PKIG,Gene Expression
ENSG00000025772,TOMM34,Gene Expression
ENSG00000175063,UBE2C,Gene Expression
ENSG00000101017,CD40,Gene Expression
ENSG00000124151,NCOA3,Gene Expression
ENSG00000196396,PTPN1,Gene Expression
ENSG00000101115,SALL4,Gene Expression
ENSG00000087586,AURKA,Gene Expression
ENSG00000087510,TFAP2C,Gene Expression
ENSG00000101146,RAE1,Gene Expression
ENSG00000124164,VAPB,Gene Expression
ENSG00000215440,NPEPL1,Gene Expression
ENSG00000087460,GNAS,Gene Expression
ENSG00000101190,TCFL5,Gene Expression
ENSG00000149658,YTHDF1,Gene Expression
ENSG00000101150,TPD52L2,Gene Expression
ENSG00000171703,TCEA2,Gene Expression
ENSG00000180530,NRIP1,Gene Expression
ENSG00000142192,APP,Gene Expression
ENSG00000156299,TIAM1,Gene Expression
ENSG00000142166,IFNAR1,Gene Expression
ENSG00000159228,CBR1,Gene Expression
ENSG00000159231,CBR3,Gene Expression
ENSG00000159259,CHAF1B,Gene Expression
ENSG00000183527,PSMG1,Gene Expression
ENSG00000182093,GET1,Gene Expression
ENSG00000182240,BACE2,Gene Expression
ENSG00000157617,C2CD2,Gene Expression
ENSG00000160208,RRP1B,Gene Expression
ENSG00000141959,PFKL,Gene Expression
ENSG00000015475,BID,Gene Expression
ENSG00000093009,CDC45,Gene Expression
ENSG00000099942,CRKL,Gene Expression
ENSG00000240972,MIF,Gene Expression
ENSG00000183765,CHEK2,Gene Expression
ENSG00000100219,XBP1,Gene Expression
ENSG00000184117,NIPSNAP1,Gene Expression
ENSG00000100225,FBXO7,Gene Expression
ENSG00000100292,HMOX1,Gene Expression
ENSG00000100297,MCM5,Gene Expression
ENSG00000128340,RAC2,Gene Expression
ENSG00000100139,MICALL1,Gene Expression
ENSG00000213923,CSNK1E,Gene Expression
ENSG00000100393,EP300,Gene Expression
ENSG00000100401,RANGAP1,Gene Expression
ENSG00000075218,GTSE1,Gene Expression
ENSG00000100422,CERK,Gene Expression
ENSG00000184164,CRELD2,Gene Expression
ENSG00000183943,PRKX,Gene Expression
ENSG00000123130,ACOT9,Gene Expression
ENSG00000101868,POLA1,Gene Expression
ENSG00000165169,DYNLT3,Gene Expression
ENSG00000147044,CASK,Gene Expression
ENSG00000147155,EBP,Gene Expression
ENSG00000101945,SUV39H1,Gene Expression
ENSG00000094631,HDAC6,Gene Expression
ENSG00000126768,TIMM17B,Gene Expression
ENSG00000243279,PRAF2,Gene Expression
ENSG00000102007,PLP2,Gene Expression
ENSG00000049768,FOXP3,Gene Expression
ENSG00000072501,SMC1A,Gene Expression
ENSG00000072506,HSD17B10,Gene Expression
ENSG00000188021,UBQLN2,Gene Expression
ENSG00000184481,FOXO4,Gene Expression
ENSG00000067177,PHKA1,Gene Expression
ENSG00000000003,TSPAN6,Gene Expression
ENSG00000010671,BTK,Gene Expression
ENSG00000133142,TCEAL4,Gene Expression
ENSG00000123576,ESX1,Gene Expression
ENSG00000157514,TSC22D3,Gene Expression
ENSG00000101843,PSMD10,Gene Expression
ENSG00000077264,PAK3,Gene Expression
ENSG00000131724,IL13RA1,Gene Expression
ENSG00000101856,PGRMC1,Gene Expression
ENSG00000077721,UBE2A,Gene Expression
ENSG00000156697,UTP14A,Gene Expression
ENSG00000102078,SLC25A14,Gene Expression
ENSG00000165704,HPRT1,Gene Expression
ENSG00000102241,HTATSF1,Gene Expression
ENSG00000013619,MAMLD1,Gene Expression
ENSG00000147383,NSDHL,Gene Expression
ENSG00000196976,LAGE3,Gene Expression
